id,name,email
1,Spencer Rodriguez,andrealarsen@martinez-martinez.com
2,Joseph Moore,gnelson@caldwell.com
3,Karen Singleton,williamsbenjamin@flores-miller.com
4,Julie Miller,kristina62@kelley.info
5,John Hill,robertsontammy@hotmail.com
6,Erik Valentine,ydelgado@yahoo.com
7,Donald Hopkins,mcintyrechristopher@hotmail.com
8,Melissa Cook,michele76@hudson-smith.com
9,Richard Adams,alexandra18@yahoo.com
10,Edward Allen,welchmartin@hotmail.com
11,Tiffany Johnson,ymurillo@hotmail.com
12,Noah Hernandez,hunterlindsey@gmail.com
13,John Rodriguez,connorcoffey@thomas.com
14,Cynthia Smith,ljones@david.com
15,Elizabeth Morales,fergusonlisa@buckley-vargas.com
16,Zachary Smith,nharris@mccarty-lin.com
17,Kevin Smith,justin05@andrews.com
18,Jennifer Mcdonald,joelmorales@lee.net
19,Joseph Yates MD,williamstheresa@gmail.com
20,Ryan May,sanderskenneth@johnson.com
21,Patricia Brown,tlittle@hotmail.com
22,Francisco Turner,samanthaflynn@gmail.com
23,Brandy Bernard,katherine13@hotmail.com
24,Courtney Cross,umaldonado@hotmail.com
25,Eric Walker,georgeprince@marshall.net
26,Breanna Martinez,schultzashley@hotmail.com
27,Jennifer Jimenez,alison07@yahoo.com
28,Alexandra Macdonald,johnnycopeland@yahoo.com
29,Dr. Steven Moreno,hmoore@simmons-powers.com
30,Curtis Morales,melanieblanchard@gmail.com
31,Brandon Kemp,shortgwendolyn@hotmail.com
32,Theresa Moore,justinharris@yahoo.com
33,Melissa Johnson,mnguyen@hotmail.com
34,Tamara Wade,aguirrehector@cline.org
35,Timothy Moore,hayneskaren@hotmail.com
36,Scott Ochoa,christian41@hotmail.com
37,Jason Bright,bakercharles@hotmail.com
38,Jennifer Barrett,torresgeorge@yahoo.com
39,Karen Contreras,nicole70@yahoo.com
40,Gregory Manning,michael08@yahoo.com
41,Julian Sanchez,copelandvanessa@hotmail.com
42,Steven Zhang,copelandjustin@johnson-foster.com
43,Christopher Nichols,nelsondenise@dixon.com
44,Jennifer Foster,ryanluke@yahoo.com
45,Laura Reyes,mmccoy@glenn.com
46,Bethany Hinton,denisegray@gmail.com
47,Gary Brown,lovemark@davis.com
48,Thomas Ewing,sherry32@gmail.com
49,James Heath,barbara72@livingston.com
50,David Gordon,jaredrobertson@hotmail.com
51,Patricia Salazar,danielleedwards@hotmail.com
52,Jared Dawson,huertajames@stanley.com
53,Danielle Larsen,ggutierrez@yahoo.com
54,Deanna Rosario,jody24@lee.com
55,Brian Esparza,christopherprice@patel-hudson.info
56,Nicholas Davis,monicapollard@mullins-turner.com
57,Michael Ramos,collinsalexis@mcbride.biz
58,Kendra Velasquez,kimberly29@hotmail.com
59,Theresa Davis,charlotterogers@dean.com
60,Joe Sanders,joshualittle@hotmail.com
61,Lauren Schaefer,andrew61@gmail.com
62,Eric Rhodes,gloria20@gmail.com
63,Kenneth Collins,abbottkimberly@gmail.com
64,Emily Finley,chelseyperez@hotmail.com
65,Annette Fritz,melissa59@gmail.com
66,Connie Stewart,roachsharon@hotmail.com
67,Michael Williamson,matthewwright@yahoo.com
68,Joseph Hernandez,jamessarah@hotmail.com
69,Kenneth Mcdonald,douglasjo@allen.com
70,Christopher Goodman,martinezmichelle@gmail.com
71,Annette Myers,eddietorres@hotmail.com
72,Kurt Cox,emilywagner@gmail.com
73,Michelle Richards,christopherallen@poole-coffey.com
74,Ryan Weaver Jr.,xcollins@gmail.com
75,Zachary Scott,warren70@hotmail.com
76,Mary Taylor,lhoward@hotmail.com
77,Joshua Taylor,christopherfields@jones.net
78,Jennifer Clark,tommy43@yahoo.com
79,Gerald Anderson,renee15@yahoo.com
80,Carlos Anderson,romerojason@sutton.com
81,Stephen Mccullough,lguerrero@hotmail.com
82,Brian Bailey,andrew28@yahoo.com
83,William Jennings,jeffreysmith@richardson-perez.org
84,Julie Thompson,bellshawn@gmail.com
85,Thomas Grimes,vazquezlaurie@ruiz.com
86,Timothy Phillips,christine68@gmail.com
87,Taylor Evans,lmeyer@gonzalez.com
88,Keith Dillon,rollinstodd@hotmail.com
89,Jacob Taylor,operkins@gmail.com
90,Amanda Hughes,oweaver@gutierrez-dunlap.com
91,Michael Watson,michaelgregory@jackson.com
92,Rebecca Nelson,dominguezmary@yahoo.com
93,Savannah Martin,douglasphillips@yahoo.com
94,Timothy Miller,allenkatherine@gmail.com
95,Timothy Scott,hunter78@gmail.com
96,Samuel Kelley,lreilly@dawson.net
97,Kellie Rodriguez,brandon57@smith.com
98,Russell Jones,fmartinez@gmail.com
99,Briana Delgado,amandalamb@yahoo.com
100,Chelsea Daniels,sbest@gmail.com
